2.5,4.9,7.2,9.4,11.5,13.6,15.5,17.4,19.1,20.7,22.1,23.2,24.1,24.8,25.3,25.7,26.0,26.3,26.5,26.7,26.8,27.0,27.2,27.4,27.5,27.7,27.9,28.1,28.2,28.4,28.5,28.7,28.8,28.9,29.0,29.2,29.3,29.4,29.5,29.5,29.6,29.7,29.8,29.8,29.9,30.0,30.0,30.1,30.1,30.2,30.2,30.3,30.3,30.4,30.4,30.4,30.5,30.5,30.5,30.6,30.6,30.6,30.7,30.7,30.7,30.7,30.7,30.8,30.8,30.8,30.8,30.8,30.8,30.9,30.9,30.9,30.9,30.9,30.9,30.9,30.9,30.9,31.0,31.0,31.0,31.0,31.0,31.0,31.0,31.0,31.0,31.0,31.0,31.0,31.0,31.0,31.0,31.0,31.0,31.0,31.0,31.0,31.0,31.0,31.0,31.0,31.0,31.0,31.0,31.0,31.0,31.0,31.0,31.0,31.0,31.0,31.0,31.0,31.0,31.0,31.0,31.0,31.0,31.0,31.0,31.0,31.0,31.0,31.0,31.0,31.0,31.0,31.0,31.0,31.0,31.0,31.0,31.0,31.0,31.0,31.0,31.0,31.0,31.0,31.0,31.0,31.0,31.0,31.0,31.0,31.0,31.0,31.0,31.0,31.0,31.0,30.9,30.9,30.9,30.9,30.9,30.9,30.9,30.9,30.9,30.9,30.9,30.9,30.9,30.9,30.9,31.0,31.1,31.2,31.2,31.3,31.4,31.5,31.5,31.6,31.6,31.7,31.8,31.8,31.9,31.9,32.0,32.0,32.1,32.1,32.2,32.2,32.2,32.3,32.3,32.4,32.4,32.5,32.5,32.5,32.6,32.6,32.7,32.7,32.7,32.8,32.8,32.8,32.9,32.9,32.9,33.0,33.0,33.1,33.1,33.1,33.1,33.2,33.2,33.2,33.3,33.3,33.3,33.4,33.4,33.4,33.4,33.5,33.5,33.5,33.6,33.6,33.6,33.6,33.7,33.7,33.7,33.7,33.8,33.8,33.8,33.8,33.9,33.9,33.9,33.9,33.9,34.0,34.0,34.0,34.0,34.0,34.1,34.1,34.1,34.1,34.2,34.2,34.2,34.2,34.2,34.2,34.3,34.3,34.3,34.3,34.3,34.4,34.4,34.4,34.4,34.4,34.4,34.5,34.5,34.5,34.5,34.5,34.5,34.6,34.6,34.6,34.6,34.6,34.6,34.7,34.7,34.7,34.7,34.7,34.7,34.8,34.8,34.8,34.8,34.8,34.8,34.8,34.9,34.9,34.9,34.9,34.9,34.9,34.9,34.9,35.0,35.0,35.0,35.0,35.0,35.0,35.0,35.1,35.1,35.1,35.1,35.1,35.1,35.1,35.1,35.2,35.2,35.2,35.2,35.2,35.2,35.2,35.2,35.2,35.3,35.3,35.3,35.3,35.3,35.3,35.3,35.3,35.3,35.4,35.4,35.4,35.4,35.4,35.4,35.4,35.4,35.4,35.5,35.5,35.5,35.5,35.5,35.5,35.5,35.5,35.5,35.5,35.6,35.6,35.6,35.6,35.6,35.6,35.6,35.6,35.6,35.6,35.6,35.6,35.6,35.7,35.7,35.7,35.7,35.7,35.7,35.7,35.7,35.7
0.0,0.0,0.0,0.0,0.0,0.0,0.1,0.1,0.1,0.2,0.2,0.2,0.3,0.3,0.4,0.4,0.5,0.6,0.6,0.7,0.7,0.8,0.8,0.9,0.9,1.0,1.0,1.0,1.1,1.1,1.1,1.2,1.2,1.2,1.3,1.3,1.3,1.4,1.4,1.4,1.4,1.5,1.5,1.5,1.5,1.5,1.6,1.6,1.6,1.6,1.6,1.6,1.6,1.7,1.7,1.7,1.7,1.7,1.7,1.7,1.7,1.8,1.8,1.8,1.8,1.8,1.8,1.8,1.8,1.8,1.8,1.8,1.8,1.9,1.9,1.9,1.9,1.9,1.9,1.9,1.9,1.9,1.9,1.9,1.9,1.9,1.9,1.9,1.9,1.9,1.9,1.9,1.9,1.9,1.9,1.9,1.9,1.9,2.0,2.0,2.0,2.0,2.0,2.0,2.0,2.0,2.0,2.0,2.0,2.0,2.0,2.0,2.0,2.0,2.0,2.0,2.0,2.0,2.0,2.0,2.0,2.0,2.0,2.0,2.0,2.0,2.0,2.0,2.0,2.0,2.0,2.0,2.0,2.0,2.0,2.0,2.0,2.0,2.0,2.0,2.0,2.0,2.0,2.0,2.0,2.0,2.0,2.0,2.0,2.0,2.0,2.0,2.0,2.0,2.0,2.0,2.0,2.0,2.0,2.0,2.0,2.0,2.0,2.0,2.0,2.0,2.0,2.0,2.0,2.0,2.0,2.0,2.0,2.0,2.0,2.0,2.0,2.0,2.0,2.0,2.0,2.0,2.0,2.0,2.0,2.0,2.0,2.0,2.0,2.0,2.0,2.0,2.0,1.9,1.9,1.9,1.9,1.9,1.8,1.8,1.8,1.8,1.8,1.8,1.7,1.7,1.7,1.7,1.7,1.7,1.7,1.6,1.6,1.6,1.6,1.6,1.6,1.6,1.6,1.6,1.6,1.5,1.5,1.5,1.5,1.5,1.5,1.5,1.5,1.5,1.5,1.5,1.5,1.5,1.5,1.5,1.5,1.4,1.4,1.4,1.4,1.4,1.4,1.4,1.4,1.4,1.4,1.4,1.4,1.4,1.4,1.4,1.4,1.4,1.4,1.4,1.4,1.4,1.4,1.4,1.4,1.4,1.4,1.4,1.4,1.4,1.4,1.4,1.4,1.4,1.4,1.4,1.4,1.4,1.4,1.4,1.4,1.4,1.4,1.3,1.3,1.3,1.3,1.3,1.3,1.3,1.3,1.3,1.3,1.3,1.3,1.3,1.3,1.3,1.3,1.3,1.3,1.3,1.3,1.3,1.3,1.3,1.3,1.3,1.3,1.3,1.3,1.3,1.3,1.3,1.3,1.3,1.3,1.3,1.3,1.3,1.3,1.3,1.3,1.3,1.3,1.3,1.3,1.3,1.3,1.3,1.3,1.3,1.3,1.3,1.3,1.3,1.3,1.3,1.3,1.3,1.3,1.3,1.3,1.3,1.3,1.3,1.3,1.3,1.3,1.3,1.3,1.3,1.3,1.3,1.3,1.3,1.3,1.3,1.3,1.3,1.3,1.3,1.3,1.3,1.3,1.3,1.3,1.3,1.3,1.3,1.3,1.3,1.3,1.3,1.3,1.3,1.3,1.3,1.3,1.3,1.3,1.3,1.3,1.3
2.5,5.0,7.4,9.8,12.2,14.5,16.8,19.0,21.1,22.9,24.3,25.5,26.3,27.0,27.5,28.0,28.3,28.7,28.9,29.2,29.4,29.7,29.8,30.0,30.2,30.4,30.5,30.6,30.8,30.9,31.0,31.1,31.2,31.4,31.5,31.5,31.6,31.7,31.8,31.9,32.0,32.1,32.1,32.2,32.3,32.3,32.4,32.5,32.5,32.6,32.6,32.7,32.8,32.8,32.9,32.9,33.0,33.0,33.1,33.1,33.2,33.2,33.3,33.3,33.3,33.4,33.4,33.5,33.5,33.5,33.6,33.6,33.7,33.7,33.7,33.8,33.8,33.8,33.9,33.9,33.9,34.0,34.0,34.0,34.1,34.1,34.1,34.1,34.2,34.2,34.2,34.3,34.3,34.3,34.3,34.4,34.4,34.4,34.4,34.5,34.5,34.5,34.5,34.6,34.6,34.6,34.6,34.7,34.7,34.7,34.7,34.8,34.8,34.8,34.8,34.8,34.9,34.9,34.9,34.9,34.9,35.0,35.0,35.0,35.0,35.0,35.1,35.1,35.1,35.1,35.1,35.1,35.2,35.2,35.2,35.2,35.2,35.3,35.3,35.3,35.3,35.3,35.3,35.4,35.4,35.4,35.4,35.4,35.4,35.5,35.5,35.5,35.5,35.5,35.5,35.5,35.6,35.6,35.6,35.6,35.6,35.6,35.6,35.7,35.7,35.7,35.7,35.7,35.7,35.7,35.8,35.8,35.8,35.8,35.8,35.8,35.8,35.8,35.9,35.9,35.9,35.9,35.9,35.9,35.9,35.9,35.9,35.9,35.9,35.9,35.6,35.4,35.1,34.9,34.7,34.5,34.3,34.1,34.0,33.8,33.7,33.6,33.5,33.3,33.2,33.2,33.1,33.0,32.9,32.8,32.8,32.7,32.7,32.6,32.5,32.5,32.4,32.4,32.4,32.3,32.3,32.2,32.2,32.2,32.1,32.1,32.1,32.0,32.0,32.0,32.0,31.9,31.9,31.9,31.9,31.8,31.8,31.8,31.8,31.8,31.8,31.7,31.7,31.7,31.7,31.7,31.7,31.7,31.6,31.6,31.6,31.6,31.6,31.6,31.6,31.6,31.5,31.5,31.5,31.5,31.5,31.5,31.5,31.5,31.5,31.5,31.5,31.5,31.4,31.4,31.4,31.4,31.4,31.4,31.4,31.4,31.4,31.4,31.4,31.4,31.4,31.4,31.4,31.4,31.4,31.3,31.3,31.3,31.3,31.3,31.3,31.3,31.3,31.3,31.3,31.3,31.3,31.3,31.3,31.3,31.3,31.3,31.3,31.3,31.3,31.3,31.3,31.3,31.3,31.2,31.2,31.2,31.2,31.2,31.2,31.2,31.2,31.2,31.2,31.2,31.2,31.2,31.2,31.2,31.2,31.2,31.2,31.2,31.2,31.2,31.2,31.2,31.2,31.2,31.2,31.2,31.2,31.2,31.2,31.1,31.1,31.1,31.1,31.1,31.1,31.1,31.1,31.1,31.1,31.1,31.1,31.1,31.1,31.1,31.1,31.1,31.1,31.1,31.1,31.1,31.2,31.3,31.3,31.4,31.5,31.6,31.6,31.7,31.8,31.8,31.9,31.9,32.0,32.1,32.1,32.2,32.2,32.2,32.3,32.3
0.0,0.0,0.0,0.0,0.0,0.0,0.0,0.1,0.1,0.1,0.1,0.2,0.2,0.2,0.3,0.3,0.3,0.4,0.4,0.4,0.5,0.5,0.5,0.6,0.6,0.6,0.7,0.7,0.7,0.7,0.8,0.8,0.8,0.8,0.8,0.9,0.9,0.9,0.9,0.9,1.0,1.0,1.0,1.0,1.0,1.0,1.0,1.0,1.1,1.1,1.1,1.1,1.1,1.1,1.1,1.1,1.1,1.1,1.1,1.1,1.2,1.2,1.2,1.2,1.2,1.2,1.2,1.2,1.2,1.2,1.2,1.2,1.2,1.2,1.2,1.2,1.2,1.2,1.2,1.2,1.2,1.2,1.3,1.3,1.3,1.3,1.3,1.3,1.3,1.3,1.3,1.3,1.3,1.3,1.3,1.3,1.3,1.3,1.3,1.3,1.3,1.3,1.3,1.3,1.3,1.3,1.3,1.3,1.3,1.3,1.3,1.3,1.3,1.3,1.3,1.3,1.3,1.3,1.3,1.3,1.3,1.3,1.3,1.3,1.3,1.3,1.3,1.3,1.3,1.3,1.3,1.3,1.3,1.3,1.3,1.3,1.3,1.3,1.3,1.3,1.3,1.3,1.3,1.3,1.3,1.3,1.3,1.3,1.3,1.3,1.3,1.3,1.3,1.3,1.3,1.3,1.3,1.3,1.3,1.3,1.3,1.3,1.3,1.3,1.3,1.3,1.3,1.3,1.3,1.3,1.3,1.3,1.3,1.3,1.3,1.3,1.3,1.3,1.3,1.3,1.3,1.3,1.3,1.3,1.3,1.3,1.3,1.3,1.3,1.3,1.4,1.4,1.4,1.4,1.5,1.5,1.5,1.5,1.6,1.6,1.6,1.6,1.6,1.6,1.7,1.7,1.7,1.7,1.7,1.7,1.7,1.7,1.8,1.8,1.8,1.8,1.8,1.8,1.8,1.8,1.8,1.8,1.8,1.9,1.9,1.9,1.9,1.9,1.9,1.9,1.9,1.9,1.9,1.9,1.9,1.9,1.9,1.9,1.9,1.9,1.9,1.9,1.9,1.9,1.9,1.9,2.0,2.0,2.0,2.0,2.0,2.0,2.0,2.0,2.0,2.0,2.0,2.0,2.0,2.0,2.0,2.0,2.0,2.0,2.0,2.0,2.0,2.0,2.0,2.0,2.0,2.0,2.0,2.0,2.0,2.0,2.0,2.0,2.0,2.0,2.0,2.0,2.0,2.0,2.0,2.0,2.0,2.0,2.0,2.0,2.0,2.0,2.0,2.0,2.0,2.0,2.0,2.0,2.0,2.0,2.0,2.0,2.0,2.0,2.0,2.0,2.0,2.0,2.0,2.0,2.0,2.0,2.0,2.0,2.0,2.0,2.0,2.0,2.0,2.0,2.0,2.0,2.0,2.0,2.0,2.0,2.0,2.0,2.0,2.0,2.0,2.0,2.0,2.0,2.0,2.0,2.0,2.0,2.0,2.0,2.0,2.0,2.0,2.0,2.0,2.0,2.0,2.0,2.0,2.0,2.0,2.0,2.0,2.0,2.0,2.0,2.0,2.0,2.0,2.0,2.0,2.0,2.0,2.0,2.0,2.0,2.0,2.0,2.0,2.0,2.0,2.0,2.0,2.0,2.0,2.0,2.0,2.0,2.0,2.0
0.0,0.1,0.3,0.5,0.7,1.0,1.3,1.6,2.0,2.4,2.7,3.1,3.4,3.8,4.1,4.5,4.8,5.2,5.5,5.8,6.1,6.3,6.6,6.8,6.9,7.1,7.2,7.3,7.3,7.4,7.5,7.5,7.6,7.6,7.6,7.7,7.7,7.7,7.7,7.7,7.7,7.8,7.8,7.8,7.8,7.8,7.8,7.8,7.8,7.8,7.8,7.8,7.8,7.8,7.8,7.8,7.8,7.8,7.8,7.8,7.8,7.8,7.8,7.8,7.8,7.8,7.8,7.8,7.8,7.8,7.8,7.8,7.8,7.8,7.8,7.8,7.8,7.8,7.8,7.8,7.8,7.8,7.8,7.8,7.8,7.8,7.8,7.8,7.8,7.8,7.8,7.8,7.8,7.8,7.8,7.8,7.8,7.8,7.8,7.8,7.8,7.8,7.8,7.8,7.8,7.8,7.8,7.8,7.8,7.8,7.8,7.8,7.8,7.8,7.8,7.8,7.8,7.8,7.8,7.8,7.8,7.8,7.8,7.8,7.8,7.8,7.8,7.8,7.8,7.8,7.8,7.8,7.8,7.8,7.8,7.8,7.8,7.8,7.8,7.8,7.8,7.8,7.8,7.8,7.8,7.8,7.8,7.8,7.8,7.8,7.8,7.8,7.8,7.8,7.8,7.8,7.8,7.8,7.8,7.8,7.8,7.8,7.8,7.8,7.8,7.8,7.8,7.8,7.8,7.8,7.8,7.7,7.6,7.5,7.4,7.3,7.2,7.1,7.0,6.9,6.8,6.7,6.6,6.5,6.4,6.3,6.2,6.1,6.0,5.8,6.0,6.2,6.4,6.5,6.7,6.8,6.9,7.0,7.1,7.1,7.2,7.3,7.3,7.4,7.4,7.4,7.5,7.5,7.5,7.5,7.6,7.6,7.6,7.6,7.6,7.6,7.7,7.7,7.7,7.7,7.7,7.7,7.7,7.7,7.7,7.7,7.7,7.7,7.7,7.7,7.7,7.8,7.8,7.8,7.8,7.8,7.8,7.8,7.8,7.8,7.8,7.8,7.8,7.8,7.8,7.8,7.8,7.8,7.8,7.8,7.8,7.8,7.8,7.8,7.8,7.8,7.8,7.8,7.8,7.8,7.8,7.8,7.8,7.8,7.8,7.8,7.8,7.8,7.8,7.8,7.8,7.8,7.8,7.8,7.8,7.8,7.8,7.8,7.8,7.8,7.8,7.8,7.8,7.8,7.8,7.8,7.8,7.8,7.8,7.8,7.8,7.8,7.8,7.8,7.8,7.8,7.8,7.8,7.8,7.8,7.8,7.8,7.8,7.8,7.8,7.8,7.8,7.8,7.8,7.8,7.8,7.8,7.8,7.8,7.8,7.8,7.8,7.8,7.8,7.8,7.8,7.8,7.8,7.8,7.8,7.8,7.8,7.8,7.8,7.8,7.8,7.8,7.8,7.8,7.8,7.8,7.8,7.8,7.8,7.8,7.8,7.8,7.8,7.8,7.8,7.8,7.8,7.8,7.8,7.8,7.8,7.8,7.8,7.8,7.8,7.8,7.8,7.8,7.8,7.8,7.7,7.6,7.5,7.4,7.3,7.2,7.1,7.0,6.9,6.8,6.7,6.6,6.5,6.4,6.3,6.2,6.1,5.9,5.8,5.7
97.5,95.0,92.5,90.0,87.6,85.3,82.9,80.7,78.5,76.4,74.6,73.0,71.6,70.5,69.5,68.6,67.8,67.1,66.5,65.9,65.3,64.8,64.3,63.8,63.4,62.9,62.5,62.2,61.8,61.5,61.2,60.9,60.6,60.4,60.1,59.9,59.7,59.5,59.2,59.0,58.9,58.7,58.5,58.3,58.1,58.0,57.8,57.7,57.5,57.4,57.2,57.1,56.9,56.8,56.7,56.5,56.4,56.3,56.1,56.0,55.9,55.8,55.6,55.5,55.4,55.3,55.2,55.1,54.9,54.8,54.7,54.6,54.5,54.4,54.3,54.2,54.1,54.0,53.9,53.8,53.7,53.5,53.4,53.3,53.2,53.1,53.0,52.9,52.8,52.7,52.6,52.5,52.4,52.3,52.2,52.1,52.0,51.9,51.8,51.7,51.7,51.6,51.5,51.4,51.3,51.2,51.1,51.0,50.9,50.8,50.7,50.6,50.5,50.4,50.3,50.2,50.1,50.0,49.9,49.8,49.7,49.6,49.6,49.5,49.4,49.3,49.2,49.1,49.0,48.9,48.8,48.7,48.6,48.5,48.4,48.3,48.2,48.2,48.1,48.0,47.9,47.8,47.7,47.6,47.5,47.4,47.3,47.2,47.1,47.0,46.9,46.9,46.8,46.7,46.6,46.5,46.4,46.3,46.2,46.1,46.0,45.9,45.8,45.8,45.7,45.6,45.5,45.4,45.3,45.2,45.1,45.0,44.9,44.8,44.8,44.7,44.6,44.5,44.5,44.4,44.3,44.2,44.2,44.1,44.1,44.0,43.9,43.9,43.8,43.8,43.7,43.7,43.6,43.6,43.5,43.5,43.4,43.4,43.3,43.3,43.2,43.2,43.1,43.1,43.0,43.0,43.0,42.9,42.9,42.8,42.8,42.8,42.7,42.7,42.7,42.6,42.6,42.5,42.5,42.5,42.4,42.4,42.4,42.3,42.3,42.3,42.3,42.2,42.2,42.2,42.1,42.1,42.1,42.0,42.0,42.0,42.0,41.9,41.9,41.9,41.9,41.8,41.8,41.8,41.8,41.7,41.7,41.7,41.7,41.6,41.6,41.6,41.6,41.5,41.5,41.5,41.5,41.4,41.4,41.4,41.4,41.4,41.3,41.3,41.3,41.3,41.3,41.2,41.2,41.2,41.2,41.2,41.1,41.1,41.1,41.1,41.1,41.0,41.0,41.0,41.0,41.0,40.9,40.9,40.9,40.9,40.9,40.9,40.8,40.8,40.8,40.8,40.8,40.7,40.7,40.7,40.7,40.7,40.7,40.6,40.6,40.6,40.6,40.6,40.6,40.6,40.5,40.5,40.5,40.5,40.5,40.5,40.4,40.4,40.4,40.4,40.4,40.4,40.4,40.3,40.3,40.3,40.3,40.3,40.3,40.3,40.2,40.2,40.2,40.2,40.2,40.2,40.2,40.1,40.1,40.1,40.1,40.1,40.1,40.1,40.1,40.0,40.0,40.0,40.0,40.0,40.0,40.0,40.0,39.9,39.9,39.9,39.9,39.9,39.9,39.9,39.9,39.8,39.8,39.8,39.8,39.8,39.8,39.8,39.8,39.7,39.7,39.7,39.7,39.7,39.7,39.7,39.7,39.7,39.6,39.6,39.6,39.6,39.6,39.6
97.5,95.0,92.5,90.0,87.6,85.3,82.9,80.7,78.6,76.8,75.3,74.2,73.3,72.6,72.1,71.6,71.2,70.9,70.6,70.3,70.1,69.8,69.6,69.4,69.3,69.1,68.9,68.8,68.7,68.5,68.4,68.3,68.2,68.1,68.0,67.9,67.8,67.7,67.6,67.5,67.4,67.3,67.3,67.2,67.1,67.0,67.0,66.9,66.8,66.8,66.7,66.7,66.6,66.5,66.5,66.4,66.4,66.3,66.3,66.2,66.2,66.1,66.1,66.0,66.0,65.9,65.9,65.9,65.8,65.8,65.7,65.7,65.7,65.6,65.6,65.5,65.5,65.5,65.4,65.4,65.4,65.3,65.3,65.3,65.2,65.2,65.2,65.1,65.1,65.1,65.0,65.0,65.0,64.9,64.9,64.9,64.9,64.8,64.8,64.8,64.7,64.7,64.7,64.7,64.6,64.6,64.6,64.6,64.5,64.5,64.5,64.5,64.4,64.4,64.4,64.4,64.3,64.3,64.3,64.3,64.3,64.2,64.2,64.2,64.2,64.1,64.1,64.1,64.1,64.1,64.0,64.0,64.0,64.0,64.0,63.9,63.9,63.9,63.9,63.9,63.8,63.8,63.8,63.8,63.8,63.7,63.7,63.7,63.7,63.7,63.7,63.6,63.6,63.6,63.6,63.6,63.6,63.5,63.5,63.5,63.5,63.5,63.5,63.4,63.4,63.4,63.4,63.4,63.4,63.3,63.3,63.3,63.3,63.3,63.3,63.2,63.2,63.2,63.2,63.2,63.2,63.2,63.1,63.1,63.1,63.1,63.1,63.1,63.1,63.0,63.0,63.0,63.0,63.0,62.9,62.9,62.9,62.9,62.8,62.8,62.8,62.7,62.7,62.6,62.6,62.6,62.5,62.5,62.4,62.4,62.3,62.3,62.2,62.1,62.1,62.0,62.0,61.9,61.8,61.8,61.7,61.6,61.6,61.5,61.4,61.4,61.3,61.2,61.2,61.1,61.0,60.9,60.9,60.8,60.7,60.6,60.5,60.5,60.4,60.3,60.2,60.1,60.1,60.0,59.9,59.8,59.7,59.7,59.6,59.5,59.4,59.3,59.2,59.1,59.1,59.0,58.9,58.8,58.7,58.6,58.5,58.5,58.4,58.3,58.2,58.1,58.0,57.9,57.8,57.7,57.7,57.6,57.5,57.4,57.3,57.2,57.1,57.0,56.9,56.8,56.8,56.7,56.6,56.5,56.4,56.3,56.2,56.1,56.0,55.9,55.9,55.8,55.7,55.6,55.5,55.4,55.3,55.2,55.1,55.0,54.9,54.8,54.8,54.7,54.6,54.5,54.4,54.3,54.2,54.1,54.0,53.9,53.8,53.7,53.7,53.6,53.5,53.4,53.3,53.2,53.1,53.0,52.9,52.8,52.7,52.6,52.5,52.5,52.4,52.3,52.2,52.1,52.0,51.9,51.8,51.7,51.6,51.5,51.4,51.4,51.3,51.2,51.1,51.0,50.9,50.8,50.7,50.6,50.5,50.4,50.3,50.2,50.2,50.1,50.0,49.9,49.8,49.7,49.6,49.5,49.4,49.3,49.2,49.2,49.1,49.0,48.9,48.9,48.8,48.7,48.7,48.6,48.5,48.5,48.4,48.3,48.3,48.2,48.2,48.1
0.0,0.0,0.0,0.0,0.0,0.0,0.0,0.0,0.0,0.0,0.0,0.0,0.0,0.0,0.1,0.1,0.1,0.1,0.1,0.2,0.2,0.2,0.2,0.3,0.3,0.3,0.4,0.4,0.5,0.5,0.6,0.6,0.6,0.7,0.7,0.8,0.8,0.9,1.0,1.0,1.1,1.1,1.2,1.2,1.3,1.4,1.4,1.5,1.5,1.6,1.7,1.7,1.8,1.9,1.9,2.0,2.0,2.1,2.2,2.2,2.3,2.4,2.5,2.5,2.6,2.7,2.7,2.8,2.9,2.9,3.0,3.1,3.2,3.2,3.3,3.4,3.4,3.5,3.6,3.7,3.7,3.8,3.9,4.0,4.0,4.1,4.2,4.3,4.3,4.4,4.5,4.6,4.6,4.7,4.8,4.9,4.9,5.0,5.1,5.2,5.2,5.3,5.4,5.5,5.5,5.6,5.7,5.8,5.8,5.9,6.0,6.1,6.2,6.2,6.3,6.4,6.5,6.5,6.6,6.7,6.8,6.9,6.9,7.0,7.1,7.2,7.2,7.3,7.4,7.5,7.5,7.6,7.7,7.8,7.9,7.9,8.0,8.1,8.2,8.2,8.3,8.4,8.5,8.6,8.6,8.7,8.8,8.9,8.9,9.0,9.1,9.2,9.3,9.3,9.4,9.5,9.6,9.7,9.7,9.8,9.9,10.0,10.0,10.1,10.2,10.3,10.4,10.4,10.5,10.6,10.7,10.7,10.8,10.9,11.0,11.1,11.1,11.2,11.3,11.4,11.4,11.5,11.6,11.7,11.8,11.8,11.9,12.0,12.1,12.2,12.2,12.3,12.4,12.5,12.5,12.6,12.7,12.8,12.8,12.9,13.0,13.1,13.1,13.2,13.3,13.3,13.4,13.5,13.5,13.6,13.7,13.7,13.8,13.9,13.9,14.0,14.0,14.1,14.2,14.2,14.3,14.4,14.4,14.5,14.5,14.6,14.7,14.7,14.8,14.8,14.9,14.9,15.0,15.1,15.1,15.2,15.2,15.3,15.3,15.4,15.5,15.5,15.6,15.6,15.7,15.7,15.8,15.9,15.9,16.0,16.0,16.1,16.1,16.2,16.2,16.3,16.3,16.4,16.5,16.5,16.6,16.6,16.7,16.7,16.8,16.8,16.9,16.9,17.0,17.0,17.1,17.2,17.2,17.3,17.3,17.4,17.4,17.5,17.5,17.6,17.6,17.7,17.7,17.8,17.8,17.9,18.0,18.0,18.1,18.1,18.2,18.2,18.3,18.3,18.4,18.4,18.5,18.5,18.6,18.6,18.7,18.7,18.8,18.9,18.9,19.0,19.0,19.1,19.1,19.2,19.2,19.3,19.3,19.4,19.4,19.5,19.5,19.6,19.6,19.7,19.7,19.8,19.8,19.9,20.0,20.0,20.1,20.1,20.2,20.2,20.3,20.3,20.4,20.4,20.5,20.5,20.6,20.6,20.7,20.7,20.8,20.8,20.9,20.9,21.0,21.1,21.1,21.2,21.2,21.3,21.3,21.4,21.4,21.5,21.5,21.6,21.6,21.7,21.7,21.8,21.8,21.9,21.9,22.0,22.0,22.1,22.1,22.2,22.3,22.3,22.4,22.4,22.5,22.5,22.6,22.6,22.7,22.7,22.8,22.8
0.0,0.0,0.0,0.0,0.0,0.0,0.0,0.0,0.0,0.0,0.0,0.0,0.0,0.0,0.0,0.1,0.1,0.1,0.1,0.1,0.1,0.1,0.2,0.2,0.2,0.2,0.3,0.3,0.3,0.3,0.4,0.4,0.4,0.5,0.5,0.5,0.6,0.6,0.6,0.7,0.7,0.7,0.8,0.8,0.9,0.9,0.9,1.0,1.0,1.1,1.1,1.2,1.2,1.2,1.3,1.3,1.4,1.4,1.5,1.5,1.6,1.6,1.6,1.7,1.7,1.8,1.8,1.9,1.9,2.0,2.0,2.1,2.1,2.2,2.2,2.3,2.3,2.4,2.4,2.5,2.5,2.6,2.6,2.7,2.7,2.8,2.8,2.9,2.9,3.0,3.0,3.1,3.1,3.2,3.2,3.3,3.3,3.4,3.4,3.5,3.5,3.6,3.6,3.7,3.7,3.8,3.8,3.9,3.9,4.0,4.0,4.1,4.1,4.2,4.2,4.3,4.3,4.4,4.4,4.5,4.5,4.6,4.6,4.7,4.7,4.8,4.8,4.9,4.9,5.0,5.1,5.1,5.2,5.2,5.3,5.3,5.4,5.4,5.5,5.5,5.6,5.6,5.7,5.7,5.8,5.8,5.9,5.9,6.0,6.0,6.1,6.1,6.2,6.2,6.3,6.3,6.4,6.5,6.5,6.6,6.6,6.7,6.7,6.8,6.8,6.9,6.9,7.0,7.0,7.1,7.1,7.2,7.2,7.3,7.3,7.4,7.4,7.5,7.5,7.6,7.7,7.7,7.8,7.8,7.9,7.9,8.0,8.0,8.1,8.1,8.2,8.2,8.3,8.3,8.4,8.5,8.5,8.6,8.6,8.7,8.8,8.8,8.9,8.9,9.0,9.1,9.1,9.2,9.3,9.3,9.4,9.5,9.5,9.6,9.7,9.8,9.8,9.9,10.0,10.0,10.1,10.2,10.2,10.3,10.4,10.5,10.5,10.6,10.7,10.8,10.8,10.9,11.0,11.1,11.1,11.2,11.3,11.4,11.4,11.5,11.6,11.7,11.7,11.8,11.9,12.0,12.0,12.1,12.2,12.3,12.3,12.4,12.5,12.6,12.6,12.7,12.8,12.9,12.9,13.0,13.1,13.2,13.3,13.3,13.4,13.5,13.6,13.6,13.7,13.8,13.9,13.9,14.0,14.1,14.2,14.3,14.3,14.4,14.5,14.6,14.6,14.7,14.8,14.9,15.0,15.0,15.1,15.2,15.3,15.3,15.4,15.5,15.6,15.7,15.7,15.8,15.9,16.0,16.1,16.1,16.2,16.3,16.4,16.4,16.5,16.6,16.7,16.8,16.8,16.9,17.0,17.1,17.1,17.2,17.3,17.4,17.5,17.5,17.6,17.7,17.8,17.8,17.9,18.0,18.1,18.2,18.2,18.3,18.4,18.5,18.5,18.6,18.7,18.8,18.9,18.9,19.0,19.1,19.2,19.3,19.3,19.4,19.5,19.6,19.6,19.7,19.8,19.9,20.0,20.0,20.1,20.2,20.3,20.3,20.4,20.5,20.6,20.7,20.7,20.8,20.9,21.0,21.1,21.1,21.2,21.3,21.4,21.4,21.5,21.6,21.7,21.8,21.8,21.9,22.0,22.1,22.2,22.2,22.3,22.4
,,,,,,,,,,,,,,,,,,,,,,,,,,,,,,,,,,,,,,,,,,,,,,,,,,,,,,,,,,,,,,,,,,,,,,,,,,,,,,,,,,,,,,,,,,,,,,,,,,,,,,,,,,,,,,,,,,,,,,,,,,,,,,,,,,,,,,,,,,,,,,,,,,,,,,,,,,,,,,,,,,,,,,,,,,,,,,,,,,,,,,,,,,,,,,,,,,,,,,,,,,,,,,,,,,,,,,,,,,,,,,,,,,,,,,,,,,,,,,,,,,,,,,,,,,,,,,,,,,,,,,,,,,,,,,,,,,,,,,,,,,,,,,,,,,,,,,,,,,,,,,,,,,,,,,,,,,,,,,,,,,,,,,,,,,,,,,,,,,,,,,,,,,,,,,,,,,,,,,,,,,,,,,,,,,,,,,,,,,,
1,2,3,4,5,6,7,8,9,10,11,12,13,14,15,16,17,18,19,20,21,22,23,24,25,26,27,28,29,30,31,32,33,34,35,36,37,38,39,40,41,,,,,,,,,,,,,,,,,,,,,,,,,,,,,,,,,,,,,,,,,,,,,,,,,,,,,,,,,,,,,,,,,,,,,,,,,,,,,,,,,,,,,,,,,,,,,,,,,,,,,,,,,,,,,,,,,,,,,,,,,,,,,,,,,,,,,,,,,,,,,,,,,,,,,,,,,,,,,,,,,,,,,,,,,,,,,,,,,,,,,,,,,,,,,,,,,,,,,,,,,,,,,,,,,,,,,,,,,,,,,,,,,,,,,,,,,,,,,,,,,,,,,,,,,,,,,,,,,,,,,,,,,,,,,,,,,,,,,,,,,,,,,,,,,,,,,,,,,,,,,,,,,,,,,,,,,,,,,,,,,,,,,,,,,,,,,,,,,,,
